INSERT INTO `customer` (`id`, `creationDate`, `note`, `address2`, `address3`, `city`, `accountHolder`, `amountPaidInMonthly`, `paysInMonthly`, `sponsor`, `customerType`, `email`, `firstName`, `joinedDate`, `lastName`, `lastRegisterdDate`, `leftDate`, `address1`, `postcode`, `creditCard1`, `creditCard2`, `creditCard3`, `creditCard4`, `expiryMonth`, `expiryYear`, `securityCode`, `currentBalance`, `openingBalance`, `bookmarksDiscount`, `nonBookmarksDiscount`, `country`, `homeNumber`, `mobileNumber`, `workNumber`, `nameOnCard`, `webaddress1`, `webaddress2`, `webaddress3`, `webcity`, `webcountry`, `webpostcode`) 
	VALUES (1,'2012-02-16 11:36:41',NULL,NULL,'Galway','SALTHILL','0',NULL,'0','0','CUSTOMER',NULL,'Ni','2012-02-16 11:36:41','Chomhrai, Orla','2012-02-16 11:36:41','2012-02-16 11:36:41','15 Glenard Crescent',NULL,NULL,NULL,NULL,NULL,NULL,NULL,NULL,0.00,0.00,NULL,NULL,NULL,NULL,NULL,NULL,NULL,NULL,NULL,NULL,NULL,NULL,NULL);
	
-- ACcount holder	 
INSERT INTO `customer` (`id`, `creationDate`, `note`, `address2`, `address3`, `city`, `accountHolder`, `amountPaidInMonthly`, `paysInMonthly`, `sponsor`, `customerType`, `email`, `firstName`, `joinedDate`, `lastName`, `lastRegisterdDate`, `leftDate`, `address1`, `postcode`, `creditCard1`, `creditCard2`, `creditCard3`, `creditCard4`, `expiryMonth`, `expiryYear`, `securityCode`, `currentBalance`, `openingBalance`, `bookmarksDiscount`, `nonBookmarksDiscount`, `country`, `homeNumber`, `mobileNumber`, `workNumber`, `nameOnCard`, `webaddress1`, `webaddress2`, `webaddress3`, `webcity`, `webcountry`, `webpostcode`) 
	VALUES (2,'2012-02-16 11:36:40',NULL,NULL,NULL,'LONDON','1',10,'1','0','CUSTOMER',NULL,'James','2012-02-16 11:36:40','Abbaas','2012-02-16 11:36:40','2012-02-16 11:36:40','42 Prah Road','N4 2RB',NULL,NULL,NULL,NULL,NULL,NULL,NULL,23,33,NULL,NULL,NULL,NULL,NULL,NULL,NULL,NULL,NULL,NULL,NULL,NULL,NULL);
	
INSERT INTO `customer` (`id`, `creationDate`, `note`, `address2`, `address3`, `city`, `accountHolder`, `amountPaidInMonthly`, `paysInMonthly`, `sponsor`, `customerType`, `email`, `firstName`, `joinedDate`, `lastName`, `lastRegisterdDate`, `leftDate`, `address1`, `postcode`, `creditCard1`, `creditCard2`, `creditCard3`, `creditCard4`, `expiryMonth`, `expiryYear`, `securityCode`, `currentBalance`, `openingBalance`, `bookmarksDiscount`, `nonBookmarksDiscount`, `country`, `homeNumber`, `mobileNumber`, `workNumber`, `nameOnCard`, `webaddress1`, `webaddress2`, `webaddress3`, `webcity`, `webcountry`, `webpostcode`) 
	VALUES (3,'2012-02-16 11:36:40',NULL,'C.C Area (Off Tariq Road)','Karachi 75400','PAKISTAN','0',NULL,'0','0','CUSTOMER',NULL,'Zaki','2012-02-16 11:36:40','Abbas','2012-02-16 11:36:40','2012-02-16 11:36:40','261-C Block II, P.E.C.H.S.',NULL,NULL,NULL,NULL,NULL,NULL,NULL,NULL,0.00,0.00,NULL,NULL,NULL,NULL,NULL,NULL,NULL,NULL,NULL,NULL,NULL,NULL,NULL);
	
INSERT INTO `customer` (`id`, `creationDate`, `note`, `address2`, `address3`, `city`, `accountHolder`, `amountPaidInMonthly`, `paysInMonthly`, `sponsor`, `customerType`, `email`, `firstName`, `joinedDate`, `lastName`, `lastRegisterdDate`, `leftDate`, `address1`, `postcode`, `creditCard1`, `creditCard2`, `creditCard3`, `creditCard4`, `expiryMonth`, `expiryYear`, `securityCode`, `currentBalance`, `openingBalance`, `bookmarksDiscount`, `nonBookmarksDiscount`, `country`, `homeNumber`, `mobileNumber`, `workNumber`, `nameOnCard`, `webaddress1`, `webaddress2`, `webaddress3`, `webcity`, `webcountry`, `webpostcode`) 
	VALUES (4,'2012-02-16 11:36:40',NULL,'Sherborne','Dorset',NULL,'0',NULL,'0','0','CUSTOMER',NULL,'Abbey','2012-02-16 11:36:40','Bookshop','2012-02-16 11:36:40','2012-02-16 11:36:40','The Parade',NULL,NULL,NULL,NULL,NULL,NULL,NULL,NULL,0.00,0.00,NULL,NULL,NULL,NULL,NULL,NULL,NULL,NULL,NULL,NULL,NULL,NULL,NULL);
	
INSERT INTO `customer` (`id`, `creationDate`, `note`, `address2`, `address3`, `city`, `accountHolder`, `amountPaidInMonthly`, `paysInMonthly`, `sponsor`, `customerType`, `email`, `firstName`, `joinedDate`, `lastName`, `lastRegisterdDate`, `leftDate`, `address1`, `postcode`, `creditCard1`, `creditCard2`, `creditCard3`, `creditCard4`, `expiryMonth`, `expiryYear`, `securityCode`, `currentBalance`, `openingBalance`, `bookmarksDiscount`, `nonBookmarksDiscount`, `country`, `homeNumber`, `mobileNumber`, `workNumber`, `nameOnCard`, `webaddress1`, `webaddress2`, `webaddress3`, `webcity`, `webcountry`, `webpostcode`) 
	VALUES (5,'2012-02-16 11:36:40',NULL,'Great Missenden','Buckinghamshire HP16 0AE',NULL,'0',NULL,'0','0','CUSTOMER',NULL,'The','2012-02-16 11:36:40','Abbey Bookshop','2012-02-16 11:36:40','2012-02-16 11:36:40','High Street',NULL,NULL,NULL,NULL,NULL,NULL,NULL,NULL,0.00,0.00,NULL,NULL,NULL,NULL,NULL,NULL,NULL,NULL,NULL,NULL,NULL,NULL,NULL);
	
INSERT INTO `customer` (`id`, `creationDate`, `note`, `address2`, `address3`, `city`, `accountHolder`, `amountPaidInMonthly`, `paysInMonthly`, `sponsor`, `customerType`, `email`, `firstName`, `joinedDate`, `lastName`, `lastRegisterdDate`, `leftDate`, `address1`, `postcode`, `creditCard1`, `creditCard2`, `creditCard3`, `creditCard4`, `expiryMonth`, `expiryYear`, `securityCode`, `currentBalance`, `openingBalance`, `bookmarksDiscount`, `nonBookmarksDiscount`, `country`, `homeNumber`, `mobileNumber`, `workNumber`, `nameOnCard`, `webaddress1`, `webaddress2`, `webaddress3`, `webcity`, `webcountry`, `webpostcode`) 
	VALUES (6,'2012-02-16 11:36:00','','','West Yorks.         LS7 3RJ','LEEDS','0',NULL,'0','0','CUSTOMER','','Chris','2013-02-09 11:37:55','Abbott','2013-02-09 11:37:55','2013-02-09 11:37:55','4 St Marys Close','LS7 3RJ',NULL,NULL,NULL,NULL,NULL,NULL,NULL,0.00,0.00,NULL,NULL,NULL,'','01132392789','',NULL,NULL,NULL,NULL,NULL,NULL,NULL);
	
INSERT INTO `customer` (`id`, `creationDate`, `note`, `address2`, `address3`, `city`, `accountHolder`, `amountPaidInMonthly`, `paysInMonthly`, `sponsor`, `customerType`, `email`, `firstName`, `joinedDate`, `lastName`, `lastRegisterdDate`, `leftDate`, `address1`, `postcode`, `creditCard1`, `creditCard2`, `creditCard3`, `creditCard4`, `expiryMonth`, `expiryYear`, `securityCode`, `currentBalance`, `openingBalance`, `bookmarksDiscount`, `nonBookmarksDiscount`, `country`, `homeNumber`, `mobileNumber`, `workNumber`, `nameOnCard`, `webaddress1`, `webaddress2`, `webaddress3`, `webcity`, `webcountry`, `webpostcode`) 
	VALUES (7,'2012-02-16 11:36:00','','Gosforth','','NEWCASTLE','0',NULL,'0','0','CUSTOMER','','G','2013-01-23 16:39:24','Abbott','2013-01-23 16:39:24','2013-01-23 16:39:24','19 Rothwell Road','NE3 1TY',NULL,NULL,NULL,NULL,NULL,NULL,NULL,0.00,0.00,NULL,NULL,NULL,'','0191 2858107','',NULL,NULL,NULL,NULL,NULL,NULL,NULL);
	
-- CATEGORY
INSERT INTO category (id, creationDate, name, parent_id) values (1, now(), 'Category1', null);
INSERT INTO category (id, creationDate, name, parent_id) values (2, now(), 'Category2', 1);

-- SUPPLIER
INSERT INTO `supplier` (`id`, `creationDate`, `note`, `name`, `address1`, `address2`, `address3`, `city`, `postcode`, `contactName`, `defaultDiscount`, `email`, `accountNumber`, `minimumOrderPrice`, `minimumOrderQuantity`, `vatNumber`, `telephone1`, `telephone2`, `isMarxismSupplier`, `country`) VALUES (1,'2012-02-16 11:19:00','web log on 4S88HYGW\r\nevents acc BOO956\r\nnormal acc BOO573','Gardners','1 Whittle Drive','','','','','David Lovell',40,'david.lovell@gardners.com','BOO573',100.00,NULL,NULL,'01323 521777','01323 521444','0',NULL),(2,'2012-03-01 11:51:00','','Turnaround','Unit 3 Olympia Trading Estate','Coburg Road','Wood Green','','N22 6TZ','Deborah Wells Rep',42,'orders@turnaround-uk.com','BOOKSE',NULL,NULL,NULL,'020 8829 3000','','0',NULL),(3,'2012-02-21 16:13:37',NULL,'Wiley','1 Oldlands Way','','','Bognor Regis','PO22 9SA','',35,'Lchinery@Wiley.Com','06763600000',NULL,NULL,NULL,'01243 843 291','','0',NULL);

-- PUBLISHER
INSERT INTO `publisher` (`id`, `creationDate`, `note`, `name`, `address1`, `address2`, `address3`, `city`, `postcode`, `contactName`, `email`, `telephone1`, `telephone2`, `supplier_id`, `country`) 
	VALUES (1,'2012-02-21 12:13:35',NULL,'2 entertain',NULL,NULL,NULL,NULL,NULL,NULL,NULL,NULL,NULL,1,NULL),
	(2,'2012-02-21 12:13:36',NULL,'4 walls',NULL,NULL,NULL,NULL,NULL,NULL,NULL,NULL,NULL,3,NULL),
	(3,'2012-03-03 10:38:35',NULL,'57 productions','57 Efiingham Road','','','','SE12 8NT','','','0208 463 0866','',2,NULL),
	(4,'2012-02-29 16:05:00','','Worldwrite','','','','','','','','','',3,NULL),
	(5,'2012-02-21 12:13:39',NULL,'?the',NULL,NULL,NULL,NULL,NULL,NULL,NULL,NULL,NULL,1,NULL),
	(6,'2012-03-03 10:43:39',NULL,'a & b','Suite 111','Bon Marche Centre','241 - 251 Ferndale Road, Brixton','LONDON','SW9 8BJ','','','020 7738 7888','',2,NULL),
	(7,'2012-02-21 12:13:40',NULL,'a & c black',NULL,NULL,NULL,NULL,NULL,NULL,NULL,NULL,NULL,2,NULL),
	(8,'2012-02-21 12:13:41',NULL,'a c hood',NULL,NULL,NULL,NULL,NULL,NULL,NULL,NULL,NULL,1,NULL),
	(9,'2012-02-21 12:13:41',NULL,'a new direction',NULL,NULL,NULL,NULL,NULL,NULL,NULL,NULL,NULL,3,NULL),
	(10,'2012-02-21 12:13:41',NULL,'a&b books,us',NULL,NULL,NULL,NULL,NULL,NULL,NULL,NULL,NULL,1,NULL),
	(11,'2012-02-21 12:13:41',NULL,'a-z map company',NULL,NULL,NULL,NULL,NULL,NULL,NULL,NULL,NULL,1,NULL);

-- STOCKITEM
INSERT INTO `stockitem` (`id`, `creationDate`, `availability`, `binding`, `concatenatedAuthors`, `costPrice`, `discount`, `imageURL`, `isbn`, `isbnAsNumber`, `publishedDate`, `publisherPrice`, `quantityForCustomerOrder`, `quantityInStock`, `quantityOnLoan`, `quantityOnOrder`, `quantityReadyForCustomer`, `quantityToKeepInStock`, `sellPrice`, `stockItemType`, `title`, `category_id`, `publisher_id`, `lastReorderReviewDate`, `putOnWebsite`,  `keepInStockLevel`, `noOfPages`, `dimensions`, `syncedWithAZ`, `azPublisher_id`, imageURLUnavailable, isStaffPick) VALUES (1,'2012-02-21 12:13:35','PUBLISHED','PAPERBACK','le carre, john',15.99,40.00,NULL,'5051561035357',5051561035357,NULL,15.98,0,0,0,0,0,0,15.99,'BOOK','Tinker, Tailor, Soldier, Spy & Smiley\'s People',1,1, now(), '0', 'LOW', null, null, true, null, '0', '0');

	
-- INVOICES
INSERT INTO `invoice` (`id`, `creationDate`, `note`, `isProforma`, `secondHandPrice`, `serviceCharge`, `totalPrice`, `vatPayable`, `customer_id`, `deliveryType`, `paid`) 
	VALUES (1,'2012-02-21 15:52:00','shop sale','0',0.00,0.00,55.76,0.00,1,0,'0');
	
-- SALES
INSERT INTO `sale` (`id`, `creationDate`, `note`, `discount`, `quantity`, `sellPrice`, `vat`, `event_id`, `stockItem_id`) 
	VALUES (1,'2012-02-21 15:03:16',NULL,0.00,1,5.00,0.00,NULL,1);
	
INSERT INTO invoice_sale (Invoice_id, sales_id) values (1,1);


-- CUSTOMERORDERLINES
INSERT INTO customerorderline (id,creationDate,amount,completionDate,creditCard1,creditCard2,creditCard3,creditCard4,expiryMonth,expiryYear,securityCode,customerOrderStatus,deliveryType,isPaid,onOrderDate,paymentType,receivedIntoStockDate,stockItem_id,customer_id,invoice_id,supplierOrderLine_id,sale_id, source)   values (1, now(), 1, now(), '1234', '1234','1234','1234','02','04','123', 'OUT_OF_STOCK', 'MAIL', false, null, 'CREDIT_CARD', null, 1, 1, null, null, null, 'WEB');
	